metric,component,name,shapley,shapley_lo,shapley_hi,shapley_p,loo,loo_p,aoi,aoi_p,n_seeds,shapley_p_holm
success,R1,goal reaching,0.006644444444444446,0.0017333333333333313,0.012916666666666668,0.0625,0.008000000000000007,0.0625,0.0,1.0,6,0.25
success,R2,distance shaping,0.40042222222222223,0.20896666666666666,0.5715888888888888,0.0625,0.8176666666666668,0.0625,0.248,0.5,6,0.25
success,R3,personal space,-0.0013833333333333382,-0.07872777777777779,0.10438333333333333,1.0,0.17166666666666666,0.125,0.0,1.0,6,1.0
success,R4,time-to-collision,-0.06616111111111111,-0.1507055555555556,-0.006203611111111279,0.1875,0.0043333333333333375,0.3125,0.0,1.0,6,0.375
success,R5,jerk / smoothness,0.6431444444444444,0.46255,0.8369666666666666,0.03125,0.9826666666666665,0.03125,0.48633333333333334,0.25,6,0.15625
collision,R1,goal reaching,-0.004488888888888889,-0.006933333333333333,-0.0017043055555556648,0.09375,-0.011333333333333334,0.0625,0.0,1.0,6,0.28125
collision,R2,distance shaping,0.014205555555555556,0.008205555555555556,0.020544444444444445,0.03125,0.018333333333333333,0.03125,0.014333333333333332,0.125,6,0.15625
collision,R3,personal space,-0.004544444444444446,-0.008522222222222223,0.0002277777777777777,0.15625,-0.006333333333333334,0.4375,0.0,1.0,6,0.3125
collision,R4,time-to-collision,-0.0026555555555555555,-0.0051777777777777785,-0.0003055555555555556,0.1875,-0.0036666666666666675,0.5,0.0,1.0,6,0.3125
collision,R5,jerk / smoothness,0.01781666666666667,0.010233333333333332,0.02601666666666667,0.03125,0.019999999999999997,0.03125,0.016333333333333335,0.25,6,0.15625
min_separation,R1,goal reaching,-0.025597983578677364,-0.03520484781110574,-0.016550387001636756,0.03125,-0.0686594944075939,0.09375,0.0,1.0,6,0.15625
min_separation,R2,distance shaping,-0.44041070948984345,-0.6190016373584638,-0.2581200230279163,0.03125,-0.7688619954546079,0.03125,-0.3639320332265979,0.03125,6,0.15625
min_separation,R3,personal space,0.008519418618844032,-0.09346240239654084,0.08912250044471537,0.875,-0.12817937102586285,0.8125,-0.0006526529333736875,0.96875,6,0.875
min_separation,R4,time-to-collision,0.07859728872413267,0.023708654431015132,0.14886665565818014,0.03125,-0.0002632738744817176,1.0,0.017603956839635077,0.28125,6,0.15625
min_separation,R5,jerk / smoothness,-0.6209938026633237,-0.7896924713550985,-0.4526056230367414,0.03125,-0.8896291209505184,0.03125,-0.5171115242180124,0.03125,6,0.15625
intrusion_count,R1,goal reaching,0.09482777777777777,0.04522222222222224,0.13928333333333334,0.0625,0.22766666666666668,0.125,0.0,1.0,6,0.25
intrusion_count,R2,distance shaping,0.33724444444444446,0.16011111111111112,0.4810777777777779,0.0625,0.669,0.03125,0.22266666666666668,0.09375,6,0.25
intrusion_count,R3,personal space,-0.07156111111111109,-0.21624999999999997,0.08877374999999892,0.375,0.0020000000000000386,1.0,-0.024333333333333332,0.21875,6,0.375
intrusion_count,R4,time-to-collision,-0.08981111111111112,-0.16643333333333332,-0.018544444444444447,0.09375,-0.02399999999999995,0.9375,-0.02066666666666667,0.375,6,0.25
intrusion_count,R5,jerk / smoothness,0.6639666666666667,0.49303333333333327,0.8409777777777775,0.03125,0.9636666666666667,0.03125,0.49833333333333335,0.03125,6,0.15625
nav_time_succ,R1,goal reaching,-0.7970882331314305,-0.9889660115955401,-0.577759555701964,0.03125,-2.1071791878747557,0.03125,0.0,1.0,6,0.15625
nav_time_succ,R2,distance shaping,-4.123211155755637,-5.855304909377125,-2.070792356631007,0.0625,-9.22844632813931,0.0625,-2.1853945737950826,0.5,6,0.1875
nav_time_succ,R3,personal space,-0.06956013750908262,-1.3053765762751468,0.8559867496463291,0.90625,-1.837611581467846,0.59375,0.0,1.0,6,0.90625
nav_time_succ,R4,time-to-collision,0.765121341929409,0.11144809452939336,1.683735742305199,0.1875,-0.0068624709394550605,0.96875,0.0,1.0,6,0.375
nav_time_succ,R5,jerk / smoothness,-7.013051578016001,-8.941509949797046,-5.289552520726251,0.03125,-11.237789762482743,0.03125,-4.7974228322771575,0.25,6,0.15625
mean_sq_accel,R1,goal reaching,0.005321573637685175,-0.007281212500748844,0.01598017246871523,0.4375,-0.011653114985786908,0.65625,0.0,1.0,6,1.0
mean_sq_accel,R2,distance shaping,0.4131748656419572,0.2771394023242674,0.5962488414504189,0.03125,0.299837350510144,0.03125,0.6121127847392757,0.1875,6,0.15625
mean_sq_accel,R3,personal space,-0.022346935281605283,-0.119525301094927,0.07545916607623995,0.65625,0.03865061413131285,1.0,-0.05139882564268042,0.59375,6,1.0
mean_sq_accel,R4,time-to-collision,-0.04351870735243268,-0.14510995671588783,0.037033474283112815,0.53125,0.017678542618657856,0.53125,-0.17822478190330868,0.65625,6,1.0
mean_sq_accel,R5,jerk / smoothness,-0.37616029878978036,-0.5857505781550159,-0.18256313240547054,0.03125,-0.494635147492882,0.125,-0.24131718292733173,0.46875,6,0.15625
action_autocorr,R1,goal reaching,-0.0053497994489636845,-0.008367264509538848,-0.002273748258378823,0.0625,-0.010811893738913078,0.0625,0.0,1.0,6,0.1875
action_autocorr,R2,distance shaping,0.09927471824410505,0.040288981973820866,0.1633876047223111,0.03125,-0.022093158181662593,0.03125,0.17481391813868438,0.15625,6,0.15625
action_autocorr,R3,personal space,-0.010947098952769534,-0.05650049504837527,0.031849975659602875,0.78125,-0.002275417298839418,0.71875,-0.05711425271185658,0.71875,6,0.78125
action_autocorr,R4,time-to-collision,-0.017487557694899073,-0.048546779985452475,0.008566476195814358,0.375,-0.00015680010974935174,0.96875,-0.07618053412339502,0.4375,6,0.75
action_autocorr,R5,jerk / smoothness,0.2459213028752192,0.15963011725550164,0.34178002648336864,0.03125,0.12499347035644963,0.0625,0.33370018535908336,0.03125,6,0.15625
