config,seed,success,collision,timeout,nav_time,path_length_ratio,intrusion_steps,intrusion_count,intrusion_rate,mean_sq_accel,min_separation,action_autocorr,mean_speed,displacement_efficiency,net_progress_per_step,nav_time_succ,path_length_ratio_succ,mean_sq_accel_succ,ep_return,n_episodes
R12345,0,0.986,0.016,0.0,13.043,1.6215240548909706,1.276,1.284,0.026056526774663864,0.48869608562217504,0.5901465363240177,0.9585826598363411,0.9944327222087976,0.6265478501428565,0.1495254514261718,13.126774847870182,1.632227935827889,0.4604802007488377,1.4444173204832278,500
R12345,1,0.98,0.022,0.0,13.4735,1.6796087443978196,1.31,1.328,0.024167744764642514,0.5193398960339605,0.5873730175565245,0.977306234415167,0.9971340271688742,0.6136774401337542,0.1448221173507583,13.554591836734694,1.6897760201999406,0.5190781245830423,1.420840094995082,500
R12345,2,0.982,0.018,0.0,12.932,1.6125831693227115,1.438,1.452,0.030602414519442633,0.5446896545986536,0.5522288981858169,0.9526502922878554,0.9975352729685467,0.6280921903942798,0.14996209052252857,13.066700610997964,1.6293955960157902,0.5112883575027186,1.433221509109378,500
R12345,3,0.976,0.028,0.0,14.874,1.8526973869663574,0.892,0.898,0.017330062606675144,0.49289520197944825,0.6951017709771813,0.9794031542589574,0.9964062241736843,0.5580703763802367,0.1315208215151048,15.011782786885245,1.8699137811999058,0.47691876371618874,1.4237866277887297,500
R12345,4,0.984,0.022,0.0,14.299,1.7801068500967918,0.912,0.916,0.019331058945673302,0.5038358239661295,0.6492217746597875,0.9761199885262369,0.9956744391984819,0.5790845824498771,0.1363567470057208,14.41260162601626,1.7942806507681803,0.48685141169268287,1.433471323832071,500
R12345,5,0.988,0.016,0.0,13.3515,1.6615816655505347,0.888,0.894,0.016403959624668396,0.4538559796418723,0.6398260374520625,0.9747787139926429,0.9955756840920874,0.6164440837507131,0.14666461940724748,13.40080971659919,1.6677821501014112,0.4531396206645272,1.45096169290535,500
R1234,0,0.0,0.0,1.0,25.0,1.6045800880846428,0.138,0.144,0.00138,1.300120175856427,1.5644708601904722,0.8512961778881845,0.5134656281870857,0.2945012715148456,-0.02778844476312741,,,,0.07735853339641745,500
R1234,1,0.0,0.0,1.0,25.0,3.110201082629106,0.17,0.174,0.0017000000000000001,0.36366925176372045,1.6453426305507242,0.5614993205377536,0.995264346441314,0.9806508089255382,-0.24314701554542403,,,,-0.8081624068935715,500
R1234,2,0.0,0.0,1.0,25.0,2.9764196710460045,0.172,0.178,0.0017200000000000002,0.4858594648416971,1.5255488382564153,0.9555271384000409,0.9524542947347214,0.4667866443069172,0.04604762425200515,,,,0.41181221301020526,500
R1234,3,0.0,0.0,1.0,25.0,2.3240889329742056,0.15,0.156,0.0015,1.7047042325397284,1.4711934789325791,0.8977628018498903,0.7437084585517459,0.3102258327374783,-0.006409084979071997,,,,0.161069822514699,500
R1234,4,0.0,0.0,1.0,25.0,2.2249868413055247,0.138,0.142,0.00138,1.3434686191987846,1.4993039507030959,0.9022144865436044,0.711995789217768,0.3895835466237753,0.0016797931559054025,,,,0.1991235942702953,500
R1234,5,0.0,0.002,0.998,24.952,2.2791289940602955,0.19,0.196,0.0033399999999999997,0.7733017825991735,1.3458130022252148,0.9005802959590292,0.7305882870182897,0.5423363174481658,0.035298395180012515,,,,0.3697321754339379,500
R1235,0,0.984,0.016,0.0,13.073,1.6272174932880275,1.138,1.144,0.026216092708809393,0.5169199501933172,0.5855296754935954,0.9459727542978089,0.9953779278340901,0.6245624382509672,0.1478108971065695,13.189532520325203,1.6417962473650152,0.4785759542302109,1.4483625220759464,500
R1235,1,0.964,0.038,0.0,13.021,1.6198078658705926,1.622,1.642,0.030737593723295493,0.4626073300855287,0.5552896171664435,0.9741973728910641,0.9950298610693987,0.6261592031920634,0.14911677762651265,13.156639004149378,1.6368074957806193,0.46262538149327326,1.4035671974163815,500
R1235,2,0.986,0.014,0.0,13.555,1.6886330117141646,0.996,1.002,0.01952726364209021,0.5104311344405776,0.6451913748398433,0.9636230928999535,0.9963686649651796,0.6057097262630341,0.14469413987891921,13.617647058823529,1.6965166260927296,0.496848515026663,1.454517111705979,500
R1235,3,0.966,0.042,0.0,15.085,1.8699791740888487,0.834,0.84,0.017653904438912616,0.38311753275432947,0.7197204296817165,0.9898547976824551,0.9912364352634289,0.5479362759738133,0.1287683162013633,15.27743271221532,1.8944691346821512,0.3587539536812183,1.4295902751809408,500
R1235,4,0.984,0.02,0.0,14.151,1.763688582043496,0.956,0.96,0.018567340116025156,0.49034596946888703,0.6470049652576193,0.9778165447011741,0.996948966936377,0.5821009830580662,0.13837533350690334,14.230182926829269,1.7736063080076814,0.4628520840905453,1.454915506696646,500
R1235,5,0.986,0.014,0.0,13.0425,1.6272656444849372,1.324,1.328,0.0267098252624991,0.533819469187652,0.5627416159630626,0.968317281503241,0.9980495253070651,0.6296759855594769,0.1494005874473721,13.143002028397566,1.6398336696095033,0.5189897834024177,1.4481273504855363,500
R1245,0,0.974,0.034,0.0,13.7915,1.7159910854491687,1.268,1.272,0.025170672837987466,0.4899325824628116,0.5711070989811313,0.9782060411518544,0.9952077784799881,0.5971772012920049,0.1406444662286652,13.959445585215606,1.7370677611475127,0.4642351591686939,1.4157782524796303,500
R1245,1,0.0,0.0,1.0,25.0,3.1104857303746636,0.236,0.24,0.00236,0.09391890237395048,1.5405692276251588,1.0,0.9953554337198923,0.9465768999315224,-0.17746355245259102,,,,-0.576567860220757,500
R1245,2,0.97,0.036,0.0,13.66,1.704891731887531,1.212,1.218,0.025706297299781255,0.5475953030809493,0.611710302044982,0.9729406329022441,0.9984610626678062,0.6006689532838293,0.14127948962818737,13.853608247422681,1.7290620760313549,0.5117114304433062,1.4091522342769718,500
R1245,3,0.988,0.016,0.0,13.312,1.657866463963838,1.446,1.46,0.029481449511451478,0.5464501602159753,0.5578844845931462,0.9637322026178897,0.9962421026495041,0.6206388373289479,0.14664247665576563,13.404352226720647,1.6694088042165294,0.5277565864266678,1.4412850594389175,500
R1245,4,0.96,0.042,0.0,13.075,1.6292578948538685,1.686,1.694,0.033858797980561114,0.5548501537053028,0.5264764456024262,0.960459523043294,0.996917214977913,0.6187982693506092,0.1475651520490302,13.293229166666666,1.6565005978740819,0.5312849644286243,1.387597593921907,500
R1245,5,0.974,0.032,0.0,14.003,1.7484714944821884,0.872,0.876,0.016500571000215805,0.5386618552153726,0.6752267024637228,0.957155147394955,0.9989003149531065,0.5877338483830894,0.13974102812229744,14.08829568788501,1.7592244675723476,0.5234941757843841,1.415936616317384,500
R1345,0,0.0,0.0,1.0,25.0,3.112615695257518,0.306,0.312,0.0030600000000000002,0.1965361481325158,1.5534243558546632,0.9981708604048954,0.9960370224824058,0.6357534379341503,-0.0878363649777768,,,,-0.5374794153086841,500
R1345,1,0.0,0.0,1.0,25.0,3.111971482922549,0.236,0.242,0.00236,0.10420065865830307,1.5854268454648173,1.0,0.9958308745352158,0.9426962073195093,-0.17814906929474514,,,,-0.5177630650252104,500
R1345,2,0.99,0.012,0.0,12.8745,1.6039995348012583,1.438,1.444,0.030493861920628952,0.528173807538534,0.5665554439472308,0.9579450443566693,0.9965074437133926,0.6314660543075993,0.15126583215291914,12.943939393939393,1.6126839768341703,0.49934027703739725,0.6648050673976541,500
R1345,3,0.0,0.0,1.0,25.0,3.113550531503484,0.226,0.23,0.0022600000000000003,0.1888165999866518,1.5297807705953648,0.9952840876456115,0.996336170081115,0.8145451017672695,-0.1406281458825412,,,,-0.5361424299627543,500
R1345,4,0.0,0.0,1.0,25.0,3.1114139309696283,0.244,0.248,0.00244,0.09334635910895632,1.521181783105309,1.0,0.9956524579102811,0.946908713907804,-0.17738763846624145,,,,-0.5195999037716538,500
R1345,5,0.0,0.0,1.0,25.0,3.11005618405739,0.276,0.282,0.0027600000000000003,0.09321496535641415,1.5707008089156522,1.0,0.9952179788983649,0.9454501562895413,-0.17765167957425831,,,,-0.5170053915688768,500
R2345,0,0.976,0.036,0.0,16.32,2.0302063315926837,0.696,0.702,0.011897436751569273,0.48703706372035366,0.7283627994670796,0.9714389234328848,0.995171703751095,0.5028491656286539,0.12056125392669285,16.46926229508197,2.0488650100123995,0.48376256077738544,0.43594066737638515,500
R2345,1,0.984,0.02,0.0,14.794,1.8393915357614732,0.934,0.938,0.018555976967975823,0.46749889141893575,0.6576846463169346,0.9876608067039224,0.9943044203172039,0.5602652721584258,0.13170642253122383,14.886686991869919,1.8509961012942218,0.4560439570094482,0.45307755931040705,500
R2345,2,0.974,0.03,0.0,14.8615,1.8545115578245623,1.086,1.09,0.021907385224617985,0.586820297243457,0.6605151302975939,0.9737643381322778,0.9983245458385342,0.5594157331996109,0.13105396824531473,15.044661190965092,1.877365124381433,0.554686400513128,0.4281697992821731,500
R2345,3,0.962,0.044,0.0,16.4305,2.043780781870565,0.82,0.826,0.015641769384957604,0.4669844280049791,0.7104374427667308,0.9928586000445361,0.9943400633458352,0.5025067321362767,0.11736550168558338,16.68918918918919,2.0763540489078407,0.45899273069965457,0.428377600206546,500
R2345,4,0.976,0.032,0.0,17.175,2.1402576922645284,0.618,0.622,0.01025412306532524,0.5136080985914844,0.7679773788881977,0.9875556468016775,0.9964455986937492,0.48658581663329276,0.11486177235231285,17.348360655737704,2.162147520021332,0.5059483001198598,0.4480471187763135,500
R2345,5,0.976,0.028,0.0,14.6015,1.8187412016714273,1.224,1.228,0.0221424352392914,0.5512825527777507,0.6008776038644171,0.9704340906353804,0.9964319267449075,0.5627178612813759,0.13387320128587088,14.778176229508198,1.8408290037476411,0.547139029791055,0.4282994205895689,500
R123,0,0.0,0.0,1.0,25.0,1.5729561394822806,0.158,0.164,0.00158,1.0559121644726353,1.571861123940983,0.8673636491778578,0.5033459646343299,0.2858993529384111,-0.028151629112927942,,,,0.07813027743465488,500
R123,1,0.0,0.0,1.0,25.0,3.118643355861321,0.162,0.168,0.0016200000000000001,0.32447230347258993,1.6485771430204406,0.7458172696830804,0.9979658738756227,0.9732889270939782,-0.2421410569235382,,,,-0.7966746865952686,500
R123,2,0.0,0.0,1.0,25.0,2.0009387655882,0.24,0.244,0.0024000000000000002,1.1635108576927047,1.313058962692833,0.8749549860798649,0.640300404988224,0.5553583298601891,0.013629069038430114,,,,0.22030675020872906,500
R123,3,0.0,0.0,1.0,25.0,1.3769674873448858,0.18,0.184,0.0018000000000000002,1.2561362432754295,1.2847983077780825,0.797494540363713,0.4406295959503634,0.26153861127356776,-0.011688083270136413,,,,0.10939625370091415,500
R123,4,0.096,0.0,0.904,24.8725,2.920111641376673,0.168,0.172,0.00168,0.6152380061116183,1.3956906125848276,0.9682017118417775,0.9393290499582884,0.40815354543453697,0.05972489243722063,23.671875,2.8610744524543,0.6173768687396851,0.535374879207829,500
R123,5,0.0,0.0,1.0,25.0,2.1320747182185182,0.162,0.166,0.0016200000000000001,0.6807177521912552,1.4892452061457142,0.8967824017117912,0.6822639098299259,0.7075888906377348,-0.05102629727849212,,,,0.014598389218070839,500
R124,0,0.0,0.0,1.0,25.0,1.831340914853334,0.178,0.182,0.0017800000000000001,1.3749132194300404,1.5159547246986207,0.8799959146222015,0.5860290927530669,0.2766911131744064,-0.026369189204657147,,,,0.10501759808992431,500
R124,1,0.0,0.0,1.0,25.0,3.103070917601467,0.202,0.208,0.00202,0.2680902146665129,1.62962866019095,0.7034411879836581,0.9929826936324696,0.9858418590869557,-0.2436323637263003,,,,-0.8153381713672341,500
R124,2,0.0,0.002,0.998,24.951,2.1569856269676166,0.24,0.244,0.0033799999999999998,1.2732999947855776,1.550757097466777,0.8831554233128207,0.6921954006296374,0.472741480726594,-0.0380938466752687,,,,0.042565245241124997,500
R124,3,0.0,0.0,1.0,25.0,1.7340346595927103,0.16,0.164,0.0016,1.154484589158072,1.5711469244862364,0.8399363608379803,0.5548910910696673,0.35292339930607763,-0.02764257752872189,,,,0.08218484340693544,500
R124,4,0.0,0.0,1.0,25.0,2.2268840442053506,0.156,0.16,0.00156,1.5464039389595006,1.4925629377292244,0.8718169563308927,0.712602894145712,0.41524305803700806,-0.0021412010776175874,,,,0.19997947285421463,500
R124,5,0.944,0.03,0.026,19.081,2.1246001466845166,0.854,0.86,0.018651575151639746,0.8923609598931073,0.8109773490328157,0.9215627653910178,0.8952650189384846,0.48547882125665026,0.10107685472106985,19.25688559322034,2.1586448166471786,0.8496412857437713,1.4013342162387157,500
R125,0,0.974,0.028,0.0,12.936,1.609927665139126,1.636,1.642,0.03342567542079826,0.5142294723255011,0.5313020974891369,0.9690545466481544,0.995224953449087,0.6330821949686104,0.14953190884059234,13.085728952772074,1.6286853290908467,0.49848879167261795,1.4294539907721864,500
R125,1,0.992,0.012,0.0,14.1525,1.762084596058764,1.166,1.17,0.020884464371214228,0.5270795255340804,0.6033892088306491,0.973287764501043,0.9959053121377619,0.5841504689955737,0.13874733996787972,14.211189516129032,1.7694397777558728,0.5262768263240466,1.4607563362309113,500
R125,2,0.982,0.018,0.0,13.6855,1.701558720699697,1.206,1.216,0.02515663216850794,0.42968042999858447,0.5872927793557915,0.9688450022306491,0.9942674259687629,0.6050632595905524,0.14277550109189455,13.79887983706721,1.7157077697284078,0.4126899031625625,1.458464498864246,500
R125,3,0.938,0.064,0.0,13.562,1.6892821522548336,1.248,1.252,0.026764122859884568,0.4994015531484711,0.5703363894506438,0.9832872105186656,0.9960234448754656,0.6077206579115566,0.1402651842135989,13.933368869936034,1.7359183626857333,0.474964593916985,1.356681975724102,500
R125,4,0.968,0.034,0.0,13.249,1.6469775794117443,1.636,1.644,0.03265114373758623,0.4403955588473718,0.5094937150175977,0.9833625419187795,0.9943478755925387,0.6228404475256699,0.14657182229149407,13.40599173553719,1.6666864827446937,0.4281938684347709,1.4272593582567572,500
R125,5,0.972,0.03,0.0,14.0675,1.748524657910292,1.034,1.038,0.020620158882277032,0.4480153322531365,0.6296840677503115,0.9871787909712509,0.994052822247635,0.5864113741374279,0.13785771689583526,14.235082304526749,1.7696289462170605,0.43462966822721133,1.4405545177540817,500
R134,0,0.0,0.0,1.0,25.0,3.124957662160977,0.136,0.142,0.00136,0.33649637020030715,1.6513417563995092,0.42031011816905023,0.9999864518915126,0.9786924483949536,-0.24339566083111094,,,,-0.50022733425349,500
R134,1,0.0,0.0,1.0,25.0,3.125,0.162,0.168,0.0016200000000000001,0.19507753318986076,1.6432919381256579,0.46169843664643795,1.0,0.9880103261748664,-0.2463985612963487,,,,-0.5002757827099412,500
R134,2,0.0,0.0,1.0,25.0,1.9857193157167006,0.136,0.14,0.0013599999999999999,1.797194819264237,1.5298510259807185,0.8252064459700909,0.6354301810293441,0.43323931849066755,-0.012995533903209743,,,,-0.5001804084777832,500
R134,3,0.0,0.0,1.0,25.0,2.9322997801075026,0.132,0.138,0.00132,0.37767291156430943,1.63907004568455,0.8983155762753051,0.9383359296344008,0.9156356341971819,-0.20901413641434857,,,,-0.5001726576955989,500
R134,4,0.0,0.0,1.0,25.0,3.120807422461881,0.152,0.158,0.00152,0.21872195387792193,1.6477793797885874,0.5108443114788689,0.998658375187802,0.9852311777687057,-0.24409777999446167,,,,-0.5001607006583363,500
R134,5,0.0,0.0,1.0,25.0,3.1228937387214835,0.178,0.184,0.0017800000000000003,0.2730649247931003,1.6343297032705835,0.5242030990012491,0.9993259963908746,0.9793095299105926,-0.24381777333706064,,,,-0.5003431190857663,500
R135,0,0.0,0.0,1.0,25.0,3.109960956314215,0.196,0.202,0.0019600000000000004,0.10747460897239876,1.6060788717620635,1.0,0.9951875060205487,0.9386527472778802,-0.17868523112088538,,,,-0.5168197471499443,500
R135,1,0.0,0.0,1.0,25.0,3.107010821800253,0.24,0.246,0.0024,0.09919982481080777,1.6106566397457782,1.0,0.9942434629760809,0.9404030017415396,-0.17825331830579427,,,,-0.5162290509166196,500
R135,2,0.97,0.03,0.0,12.7565,1.586535000858325,1.76,1.766,0.037209477166110776,0.4903185240481315,0.5353533957919744,0.9609827547971939,0.9947565638641275,0.6403318192826244,0.15067281917295616,12.949484536082474,1.6107200111669588,0.4620984528713173,0.6332036937447265,500
R135,3,0.982,0.026,0.0,13.6705,1.7069356678376721,1.062,1.07,0.020973881269179706,0.5250937524281177,0.6177951236108301,0.9794563022681817,0.9988679333617174,0.6014932329299729,0.1431881503665917,13.75254582484725,1.7171642131820946,0.5126799756996862,0.6303186643114314,500
R135,4,0.992,0.008,0.0,13.2085,1.6416140968581237,1.11,1.116,0.023119766864046716,0.44776908784060343,0.6101450183863864,0.9697554465565459,0.9941163433084257,0.623409019251975,0.14761032343552105,13.263104838709678,1.6485294254568819,0.4327081994437107,0.6820895024212077,500
R135,5,0.0,0.0,1.0,25.0,3.112269610615587,0.272,0.278,0.00272,0.1054896824580403,1.5718029733791246,1.0,0.9959262753969877,0.9453159830643633,-0.17774305048835717,,,,-0.5190306150252,500
R145,0,0.0,0.004,0.996,24.9025,3.094979143266883,0.364,0.37,0.006893333333333334,0.09884379311422711,1.5269589636642404,0.9939554021868634,0.9932558322286654,0.9484334965236144,-0.17663621749004293,,,,-0.5212134550586343,500
R145,1,0.0,0.0,1.0,25.0,3.110555800405157,0.3,0.306,0.003,0.1011616230793525,1.558961142707943,1.0,0.9953778561296501,0.9447109774321321,-0.17774012275394552,,,,-0.5175191031591967,500
R145,2,0.984,0.016,0.0,12.751,1.58816345932033,1.224,1.228,0.028673542764382505,0.5507583418642116,0.5997155235676958,0.9432318843865031,0.9963738156778352,0.6391463584643627,0.15198847228615153,12.883638211382113,1.604768839562222,0.5011508680832878,0.6642541838390753,500
R145,3,0.97,0.032,0.0,13.724,1.7133188073730803,1.0,1.004,0.02191217879327094,0.5376263796095979,0.6595995992146106,0.9699596216775146,0.9986349625323032,0.5946955111321015,0.14110621941362023,13.956701030927835,1.7424343488222547,0.5027867077237859,0.6057463167849928,500
R145,4,0.0,0.0,1.0,25.0,3.1124593682706907,0.25,0.254,0.0025,0.09513048436038833,1.5317092351830102,1.0,0.9959869978466211,0.9466480068292755,-0.17751489132809678,,,,-0.5190787696801126,500
R145,5,0.0,0.0,1.0,25.0,3.1112240529753716,0.23,0.236,0.0023000000000000004,0.09487902304612643,1.541683597497505,1.0,0.9955916969521189,0.9463151612108146,-0.1774952635217045,,,,-0.5179884788235649,500
R234,0,0.0,0.0,1.0,25.0,1.6045800880846428,0.138,0.144,0.00138,1.300120175856427,1.5644708601904722,0.8512961778881845,0.5134656281870857,0.2945012715148456,-0.02778844476312741,,,,0.07735853339641745,500
R234,1,0.0,0.0,1.0,25.0,3.110201082629106,0.17,0.174,0.0017000000000000001,0.36366925176372045,1.6453426305507242,0.5614993205377536,0.995264346441314,0.9806508089255382,-0.24314701554542403,,,,-0.8081624068935715,500
R234,2,0.0,0.0,1.0,25.0,2.9764196710460045,0.172,0.178,0.0017200000000000002,0.4858594648416971,1.5255488382564153,0.9555271384000409,0.9524542947347214,0.4667866443069172,0.04604762425200515,,,,0.41181221301020526,500
R234,3,0.0,0.0,1.0,25.0,2.3240889329742056,0.15,0.156,0.0015,1.7047042325397284,1.4711934789325791,0.8977628018498903,0.7437084585517459,0.3102258327374783,-0.006409084979071997,,,,0.161069822514699,500
R234,4,0.0,0.0,1.0,25.0,2.2249868413055247,0.138,0.142,0.00138,1.3434686191987846,1.4993039507030959,0.9022144865436044,0.711995789217768,0.3895835466237753,0.0016797931559054025,,,,0.1991235942702953,500
R234,5,0.0,0.002,0.998,24.952,2.2791289940602955,0.19,0.196,0.0033399999999999997,0.7733017825991735,1.3458130022252148,0.9005802959590292,0.7305882870182897,0.5423363174481658,0.035298395180012515,,,,0.3697321754339379,500
R235,0,0.962,0.042,0.0,14.4715,1.8005598593855698,1.384,1.39,0.025103700546433048,0.5201379745355922,0.5863830073428918,0.9807697516425201,0.9953186606853408,0.5672748320451932,0.13413373503953924,14.68918918918919,1.8277838980855234,0.5162956846800857,0.42635061063408514,500
R235,1,0.994,0.008,0.0,13.8745,1.7199663506481118,0.922,0.926,0.016275496141572136,0.35540632071930894,0.6502296270466732,0.9925235731195826,0.9913986517806684,0.5949367632735459,0.14279993479008152,13.886317907444669,1.7214616605606698,0.35510661005315236,0.4924254027519428,500
R235,2,0.97,0.038,0.0,16.997,2.1140375456854716,0.744,0.75,0.011864489468561654,0.4281254084121675,0.7300795619956642,0.9926082134541379,0.9949114782264442,0.49231722988166826,0.11613515335092432,17.143298969072166,2.1323514010440277,0.4277859476624352,0.4617899123649315,500
R235,3,0.978,0.03,0.0,15.0225,1.86837798895389,1.13,1.136,0.021620647399285233,0.48125441937617247,0.6349940316485101,0.9867018749003046,0.9946275194365339,0.5546118223729659,0.13084743697393036,15.201942740286299,1.8908408196313302,0.4650461741874383,0.4558293387674803,500
R235,4,0.962,0.05,0.0,15.096,1.8762797517333563,1.184,1.192,0.02041712231082631,0.4860630100007445,0.6057363345200006,0.9788911626003819,0.9942446903521316,0.5459093191420333,0.12901912015855319,15.298336798336798,1.9015932497793777,0.48661090978987714,0.4233774465337311,500
R235,5,0.986,0.022,0.0,14.9785,1.8657308766605514,0.92,0.926,0.01598022577700382,0.5302203690201386,0.6642590930953993,0.9471962265710715,0.9964704098528545,0.5515368408991587,0.13155781765666527,15.061866125760648,1.876203770364968,0.5300283119875641,0.45481738742786476,500
R245,0,0.936,0.064,0.0,14.0935,1.7515364539986826,1.51,1.516,0.03419103036785255,0.528154355762487,0.5549759491534366,0.9711089060118309,0.9937503158887574,0.5898237566291209,0.13409921041183434,14.595619658119658,1.8141940711841282,0.4915800151456272,0.4011251757921168,500
R245,1,0.0,0.0,1.0,25.0,3.1104857303746636,0.236,0.24,0.00236,0.09391890237395048,1.5405692276251588,1.0,0.9953554337198923,0.9465768999315224,-0.17746355245259102,,,,-0.576567860220757,500
R245,2,0.956,0.044,0.006,17.63,2.1908634729530654,0.83,0.834,0.013602860856834877,0.4463712236098929,0.7041132452994909,0.9967632961997839,0.993668958064069,0.4768426258061884,0.11080466217767568,17.850941422594143,2.218402772269927,0.4462645042337188,0.4528180404390714,500
R245,3,0.958,0.048,0.0,16.4685,2.0498825936485514,0.904,0.908,0.018768113110545385,0.49146580438989124,0.6947320554651949,0.9909403425376202,0.9948023996529798,0.5095781726731033,0.11770889675777237,16.82463465553236,2.094791218733681,0.46668797790253846,0.43752046905656616,500
R245,4,0.946,0.06,0.0,14.6935,1.8253502469031082,1.4,1.408,0.02498934252050895,0.44326480447163563,0.5600007586530785,0.9910409612667301,0.9933617970160424,0.5667544048414063,0.13094264612539025,15.005285412262156,1.86437583067612,0.44114786470318507,0.4095583816490649,500
R245,5,0.976,0.032,0.0,14.5575,1.8097540361384628,1.068,1.076,0.018773810788704458,0.431518231937153,0.6460145791596899,0.9910717568550296,0.9943550222058495,0.572849940883282,0.13445678143721937,14.688524590163935,1.8260995117155718,0.4284214625636874,0.4493496471744918,500
R345,0,0.0,0.0,1.0,25.0,3.112615695257518,0.306,0.312,0.0030600000000000002,0.1965361481325158,1.5534243558546632,0.9981708604048954,0.9960370224824058,0.6357534379341503,-0.0878363649777768,,,,-0.5374794153086841,500
R345,1,0.0,0.0,1.0,25.0,3.111971482922549,0.236,0.242,0.00236,0.10420065865830307,1.5854268454648173,1.0,0.9958308745352158,0.9426962073195093,-0.17814906929474514,,,,-0.5177630650252104,500
R345,2,0.982,0.022,0.0,15.7795,1.9627788400010335,0.786,0.792,0.014234782084538334,0.4656371734421983,0.7239361079765022,0.9882298950460185,0.9948698865561787,0.526876498455611,0.12446161135788736,15.916496945010183,1.9798681516841454,0.4575130052409261,-0.391839605556801,500
R345,3,0.0,0.0,1.0,25.0,3.108274379881966,0.238,0.244,0.0023799999999999997,0.09217861021379202,1.5247693082581832,1.0,0.9946478015622291,0.9463941627465361,-0.17728763527753022,,,,-0.5184520457414911,500
R345,4,0.0,0.0,1.0,25.0,3.1114139309696283,0.244,0.248,0.00244,0.09334635910895632,1.521181783105309,1.0,0.9956524579102811,0.946908713907804,-0.17738763846624145,,,,-0.5195999037716538,500
R345,5,0.0,0.0,1.0,25.0,3.11005618405739,0.276,0.282,0.0027600000000000003,0.09321496535641415,1.5707008089156522,1.0,0.9952179788983649,0.9454501562895413,-0.17765167957425831,,,,-0.5170053915688768,500
R12,0,0.0,0.0,1.0,25.0,2.51233716889824,0.252,0.256,0.00252,0.9388782547345057,1.440347144506726,0.8821817857038127,0.8039478940474366,0.5212923503128382,0.030645220147394285,,,,0.3594364478871134,500
R12,1,0.0,0.0,1.0,25.0,3.104575435759887,0.174,0.18,0.0017400000000000002,0.41737229941312487,1.63360746351225,0.5330584706815035,0.9934641394431639,0.9824278002721563,-0.24275298862887137,,,,-0.8078392064334773,500
R12,2,0.0,0.004,0.996,24.902,2.0144641110867076,0.274,0.278,0.005680000000000001,1.890014861147386,1.453263118374574,0.8270542729116725,0.6485485155477464,0.351303360523076,-0.024206135224560464,,,,0.07324318913054997,500
R12,3,0.0,0.002,0.998,24.9515,2.154413433567734,0.16,0.166,0.0028933333333333337,2.384446751134638,1.4067235427814504,0.8560013816555803,0.691352298741675,0.24672288677368384,-0.011551460125122225,,,,0.1172829089500433,500
R12,4,0.974,0.028,0.002,16.662,2.021390032354672,0.802,0.806,0.02292795357939142,0.7801628599341082,0.8213338262018619,0.9335021806476366,0.9724746071616432,0.5113512075512437,0.11378250555890468,16.903490759753595,2.0522980439974714,0.6779096819790396,1.4770484241153994,500
R12,5,0.71,0.066,0.224,21.006,2.0260362203129048,1.21,1.23,0.020731120017348316,0.6335139040368017,0.6983110036489453,0.9359328675074217,0.7784047315723376,0.5044821551636239,0.087486938692196,20.22887323943662,2.011549159094329,0.6035044971554026,1.1030607662516378,500
R13,0,0.0,0.0,1.0,25.0,3.1118544222503175,0.124,0.13,0.0012400000000000002,0.6521776896552504,1.6545464394247342,0.5261576888647338,0.9957934151201016,0.9589526498058198,-0.2342823244342598,,,,-0.5001461000759154,500
R13,1,0.0,0.0,1.0,25.0,3.1249882652981205,0.178,0.184,0.0017800000000000001,0.21264886708753464,1.6388514523668622,0.46580355495901565,0.9999962448953985,0.9861465909901066,-0.24618337152125927,,,,-0.5004116677977145,500
R13,2,0.0,0.0,1.0,25.0,2.193224999739445,0.198,0.204,0.00198,1.168531219159616,1.5002151130491637,0.9015417533497644,0.7018319999166224,0.4397346252018431,-0.0037377291906375166,,,,-0.500582479772158,500
R13,3,0.0,0.0,1.0,25.0,3.123881425009668,0.146,0.152,0.00146,0.363909699619802,1.64281413284808,0.41789501740799234,0.9996420560030937,0.9738014555434336,-0.24155336031298733,,,,-0.5002899024505169,500
R13,4,0.0,0.0,1.0,25.0,3.0548285725500492,0.162,0.168,0.0016200000000000001,0.23308242488284703,1.639864793193518,0.8374781294227953,0.9775451432160158,0.9279997711024748,-0.22445658288722672,,,,-0.5002318104850129,500
R13,5,0.0,0.0,1.0,25.0,3.1249946978758527,0.176,0.18,0.0017600000000000003,0.20574680044616292,1.6330049170059961,0.4588099929056076,0.9999983033202728,0.9917439841063383,-0.24770154694514251,,,,-0.5003211143715307,500
R14,0,0.0,0.0,1.0,25.0,3.120694216648427,0.14,0.146,0.0014000000000000002,0.368604001551426,1.649131402011923,0.4506877084652301,0.9986221493274965,0.9546918189649015,-0.23559040596470476,,,,-0.4999999888241291,500
R14,1,0.0,0.0,1.0,25.0,3.1249545150196814,0.166,0.172,0.0016600000000000002,0.20021438074322254,1.640745303507922,0.46972633700894845,0.999985444806298,0.9832872725293204,-0.24562881009543225,,,,-0.4999999888241291,500
R14,2,0.0,0.0,1.0,25.0,2.4929421587196003,0.144,0.15,0.0014399999999999999,0.6961991187024237,1.6414560717645341,0.8690780284673821,0.797741490790272,0.8834864892456384,-0.16731412504939716,,,,-0.4999999888241291,500
R14,3,0.0,0.0,1.0,25.0,3.122771551532756,0.184,0.19,0.00184,0.2682621330801853,1.6261837808728774,0.6516745235006233,0.999286896490482,0.9488260727850769,-0.23522667087777527,,,,-0.4999999888241291,500
R14,4,0.0,0.0,1.0,25.0,3.1220388118760107,0.17,0.176,0.0017000000000000001,0.2506349992768677,1.6408105601852578,0.5636465549307922,0.9990524198003233,0.9889182078695377,-0.24639264842851985,,,,-0.4999999888241291,500
R14,5,0.0,0.0,1.0,25.0,3.1246979436369,0.2,0.206,0.002,0.2912263299333181,1.6205093881838926,0.4884752960677023,0.999903341963808,0.963903689530531,-0.23970004883594515,,,,-0.4999999888241291,500
R15,0,0.0,0.0,1.0,25.0,3.108579073454807,0.286,0.292,0.00286,0.09563363388629538,1.5613930466319221,1.0,0.9947453035055382,0.944571802630322,-0.17762730787354172,,,,-0.5169667832385748,500
R15,1,0.0,0.0,1.0,25.0,3.1089640816974127,0.25,0.256,0.0025,0.09743693549879918,1.5785513408106429,1.0,0.9948685061431722,0.9450539104368183,-0.17760656351208895,,,,-0.5170075726220384,500
R15,2,0.982,0.018,0.0,12.6575,1.5780183921402444,1.518,1.522,0.03374514360415632,0.5366319182052545,0.5673094910611458,0.9577268914378548,0.9973512609557572,0.6439499734477323,0.15217208044087938,12.80193482688391,1.5960663786054103,0.4926926564400224,0.6716183136859909,500
R15,3,0.992,0.012,0.0,13.2145,1.6488035378750991,1.688,1.694,0.031854165021955046,0.5497951484049153,0.5329622555462938,0.9532309364200867,0.9982123608302845,0.6223395034626422,0.14887044451502038,13.281754032258064,1.6572138215092929,0.5460560100821249,0.6730769571447744,500
R15,4,0.992,0.01,0.0,13.1085,1.6308144176200654,1.44,1.444,0.027503183703314497,0.48069681455552327,0.5681900434450678,0.9576562014779055,0.9952875232962836,0.6272743068569462,0.14912128447989806,13.151209677419354,1.63619610916323,0.46600225571359577,0.684729549058713,500
R15,5,0.0,0.0,1.0,25.0,3.107220257010381,0.322,0.328,0.0032200000000000006,0.08932145726546807,1.561881509728109,1.0,0.9943104822433217,0.9460471929361864,-0.17735779422004605,,,,-0.5161466947887093,500
R23,0,0.0,0.0,1.0,25.0,1.5729561394822806,0.158,0.164,0.00158,1.0559121644726353,1.571861123940983,0.8673636491778578,0.5033459646343299,0.2858993529384111,-0.028151629112927942,,,,0.07813027743465488,500
R23,1,0.0,0.0,1.0,25.0,3.118643355861321,0.162,0.168,0.0016200000000000001,0.32447230347258993,1.6485771430204406,0.7458172696830804,0.9979658738756227,0.9732889270939782,-0.2421410569235382,,,,-0.7966746865952686,500
R23,2,0.0,0.0,1.0,25.0,2.0009387655882,0.24,0.244,0.0024000000000000002,1.1635108576927047,1.313058962692833,0.8749549860798649,0.640300404988224,0.5553583298601891,0.013629069038430114,,,,0.22030675020872906,500
R23,3,0.0,0.0,1.0,25.0,1.3769674873448858,0.18,0.184,0.0018000000000000002,1.2561362432754295,1.2847983077780825,0.797494540363713,0.4406295959503634,0.26153861127356776,-0.011688083270136413,,,,0.10939625370091415,500
R23,4,0.096,0.0,0.904,24.8725,2.920111641376673,0.168,0.172,0.00168,0.6152380061116183,1.3956906125848276,0.9682017118417775,0.9393290499582884,0.40815354543453697,0.05972489243722063,23.671875,2.8610744524543,0.6173768687396851,0.4393748785074745,500
R23,5,0.0,0.0,1.0,25.0,2.1320747182185182,0.162,0.166,0.0016200000000000001,0.6807177521912552,1.4892452061457142,0.8967824017117912,0.6822639098299259,0.7075888906377348,-0.05102629727849212,,,,0.014598389218070839,500
R24,0,0.0,0.0,1.0,25.0,1.831340914853334,0.178,0.182,0.0017800000000000001,1.3749132194300404,1.5159547246986207,0.8799959146222015,0.5860290927530669,0.2766911131744064,-0.026369189204657147,,,,0.10501759808992431,500
R24,1,0.0,0.0,1.0,25.0,3.103070917601467,0.202,0.208,0.00202,0.2680902146665129,1.62962866019095,0.7034411879836581,0.9929826936324696,0.9858418590869557,-0.2436323637263003,,,,-0.8153381713672341,500
R24,2,0.0,0.002,0.998,24.951,2.1569856269676166,0.24,0.244,0.0033799999999999998,1.2732999947855776,1.550757097466777,0.8831554233128207,0.6921954006296374,0.472741480726594,-0.0380938466752687,,,,0.042565245241124997,500
R24,3,0.0,0.0,1.0,25.0,1.7340346595927103,0.16,0.164,0.0016,1.154484589158072,1.5711469244862364,0.8399363608379803,0.5548910910696673,0.35292339930607763,-0.02764257752872189,,,,0.08218484340693544,500
R24,4,0.0,0.0,1.0,25.0,2.2268840442053506,0.156,0.16,0.00156,1.5464039389595006,1.4925629377292244,0.8718169563308927,0.712602894145712,0.41524305803700806,-0.0021412010776175874,,,,0.19997947285421463,500
R24,5,0.658,0.03,0.312,22.2025,2.306638231596791,0.568,0.582,0.010446110449736432,1.0365549788646677,0.9183108258794962,0.9067098403448094,0.835539871663532,0.45693004099973267,0.08213769027479768,21.184650455927052,2.2737539306001358,1.0086443523556747,0.43114376919317576,500
R25,0,0.958,0.044,0.0,15.631,1.9476308482654285,1.03,1.036,0.01846383246119493,0.5307280866058965,0.6584718353797442,0.9725108456498972,0.9967144948325566,0.5301808303981554,0.125334112847709,15.938413361169102,1.9860670044160382,0.5247301650425232,0.43917171766153795,500
R25,1,0.984,0.024,0.0,16.2425,2.0102591770736673,0.75,0.756,0.011718614758521486,0.47640408183270044,0.6954365664466963,0.9887952865173723,0.9901166047382053,0.5133378422169771,0.12130630965330128,16.30640243902439,2.018219443528012,0.4785422763843229,0.4611070478136094,500
R25,2,0.964,0.04,0.0,15.5845,1.9387591200531684,1.03,1.036,0.01952621870797853,0.45883705177292505,0.6541927768463526,0.9864993225537019,0.9949209322838428,0.5370213824874791,0.1254153570339516,15.828319502074688,1.9692493780347209,0.4495985424302431,0.45433050783996715,500
R25,3,0.966,0.038,0.0,14.3095,1.7809318599818476,1.306,1.31,0.025158140031117375,0.4985239486766045,0.5850059061169804,0.9795530962867197,0.9952482761642771,0.5816343965782004,0.13611593861300594,14.5527950310559,1.81141208916032,0.48524734542467296,0.44667153233961426,500
R25,4,0.96,0.054,0.0,15.0515,1.8718441106911077,1.144,1.148,0.021705569095203565,0.5148568513577207,0.6055519367559941,0.9859233679188044,0.9945502637472458,0.5472744242458845,0.12847687135786864,15.2859375,1.9012974512108967,0.5087777708504854,0.4223953375785586,500
R25,5,0.968,0.038,0.0,15.8095,1.966415514721839,0.88,0.886,0.016116137622176195,0.5171970958153974,0.6984385466961276,0.9794370739199225,0.9948461468828214,0.5284947560182326,0.12494443253960431,16.0650826446281,1.9983097101973597,0.5146348848909893,0.44698419551622826,500
R34,0,0.0,0.0,1.0,25.0,3.124957662160977,0.136,0.142,0.00136,0.33649637020030715,1.6513417563995092,0.42031011816905023,0.9999864518915126,0.9786924483949536,-0.24339566083111094,,,,-0.50022733425349,500
R34,1,0.0,0.0,1.0,25.0,3.125,0.162,0.168,0.0016200000000000001,0.19507753318986076,1.6432919381256579,0.46169843664643795,1.0,0.9880103261748664,-0.2463985612963487,,,,-0.5002757827099412,500
R34,2,0.0,0.0,1.0,25.0,1.9857193157167006,0.136,0.14,0.0013599999999999999,1.797194819264237,1.5298510259807185,0.8252064459700909,0.6354301810293441,0.43323931849066755,-0.012995533903209743,,,,-0.5001804084777832,500
R34,3,0.0,0.0,1.0,25.0,2.9322997801075026,0.132,0.138,0.00132,0.37767291156430943,1.63907004568455,0.8983155762753051,0.9383359296344008,0.9156356341971819,-0.20901413641434857,,,,-0.5001726576955989,500
R34,4,0.0,0.0,1.0,25.0,3.120807422461881,0.152,0.158,0.00152,0.21872195387792193,1.6477793797885874,0.5108443114788689,0.998658375187802,0.9852311777687057,-0.24409777999446167,,,,-0.5001607006583363,500
R34,5,0.0,0.0,1.0,25.0,3.1228937387214835,0.178,0.184,0.0017800000000000003,0.2730649247931003,1.6343297032705835,0.5242030990012491,0.9993259963908746,0.9793095299105926,-0.24381777333706064,,,,-0.5003431190857663,500
R35,0,0.0,0.0,1.0,25.0,3.109960956314215,0.196,0.202,0.0019600000000000004,0.10747460897239876,1.6060788717620635,1.0,0.9951875060205487,0.9386527472778802,-0.17868523112088538,,,,-0.5168197471499443,500
R35,1,0.0,0.0,1.0,25.0,3.107010821800253,0.24,0.246,0.0024,0.09919982481080777,1.6106566397457782,1.0,0.9942434629760809,0.9404030017415396,-0.17825331830579427,,,,-0.5162290509166196,500
R35,2,0.982,0.028,0.0,14.6805,1.828004758780441,1.168,1.172,0.019773641085048817,0.5406648933528447,0.6039230795906801,0.9668812460056735,0.9961291423352975,0.5564402754232314,0.13305345983709152,14.787169042769857,1.841308409115301,0.5386001300125152,-0.3694673680132255,500
R35,3,0.958,0.05,0.0,16.6695,2.0698015034571826,0.802,0.806,0.01500770939998308,0.4110037993860415,0.7017730432684983,0.9949332654987353,0.9926459968042672,0.5004382436818565,0.11592432227070103,16.92640918580376,2.102035125531033,0.40172714617193617,-0.42860347659233955,500
R35,4,0.98,0.024,0.0,14.9695,1.8584321543688076,1.022,1.028,0.01815087376745327,0.4678857379877251,0.6574993570188629,0.9861203821993079,0.9930281420624173,0.5538972409858237,0.13126003210340667,15.081632653061224,1.8724424653683052,0.466093550773665,-0.3646717438343912,500
R35,5,0.0,0.0,1.0,25.0,3.112269610615587,0.272,0.278,0.00272,0.1054896824580403,1.5718029733791246,1.0,0.9959262753969877,0.9453159830643633,-0.17774305048835717,,,,-0.5190306150252,500
R45,0,0.0,0.004,0.996,24.9025,3.094979143266883,0.364,0.37,0.006893333333333334,0.09884379311422711,1.5269589636642404,0.9939554021868634,0.9932558322286654,0.9484334965236144,-0.17663621749004293,,,,-0.5212134550586343,500
R45,1,0.0,0.0,1.0,25.0,3.110555800405157,0.3,0.306,0.003,0.1011616230793525,1.558961142707943,1.0,0.9953778561296501,0.9447109774321321,-0.17774012275394552,,,,-0.5175191031591967,500
R45,2,0.968,0.034,0.0,14.535,1.8113661940643173,1.334,1.338,0.02614728634995978,0.5570753927455574,0.5878762400308489,0.9684559046479179,0.9967596009537356,0.5686862368552704,0.13324159207541486,14.690082644628099,1.830791264894135,0.5355381343038248,-0.38106388694699855,500
R45,3,0.96,0.042,0.0,16.3475,2.029149149456551,0.744,0.75,0.01595210101151705,0.3737156956840938,0.7710566993892454,0.9911441625021897,0.9922407867363691,0.5182914694985793,0.12004413415069096,16.591666666666665,2.0597875461131308,0.3561044323208688,-0.4235178831079975,500
R45,4,0.0,0.0,1.0,25.0,3.1124593682706907,0.25,0.254,0.0025,0.09513048436038833,1.5317092351830102,1.0,0.9959869978466211,0.9466480068292755,-0.17751489132809678,,,,-0.5190787696801126,500
R45,5,0.0,0.0,1.0,25.0,3.1112240529753716,0.23,0.236,0.0023000000000000004,0.09487902304612643,1.541683597497505,1.0,0.9955916969521189,0.9463151612108146,-0.1774952635217045,,,,-0.5179884788235649,500
R1,0,0.0,0.0,1.0,25.0,2.1170407852008806,0.208,0.212,0.0020800000000000003,1.5404919792497083,1.597831993105785,0.7669754178794858,0.6774530512642818,0.8370313194708148,-0.1300134874615362,,,,-0.4999999888241291,500
R1,1,0.0,0.0,1.0,25.0,3.124988341750463,0.168,0.174,0.00168,0.1864409528906861,1.6406688329840045,0.48426683657826713,0.9999962693601482,0.9748241641828931,-0.2434555288588674,,,,-0.4999999888241291,500
R1,2,0.0,0.0,1.0,25.0,2.9789483670844885,0.222,0.228,0.00222,0.42784803641444963,1.5851442408067296,0.856469870081852,0.9532634774670362,0.9352733586564771,-0.2165399717755591,,,,-0.4999999888241291,500
R1,3,0.0,0.0,1.0,25.0,3.0563179923433204,0.168,0.172,0.00168,0.44229876539075635,1.6284739818038634,0.9039232821482069,0.9780217575498625,0.9494418225782457,-0.230633195040007,,,,-0.4999999888241291,500
R1,4,0.0,0.0,1.0,25.0,3.1246694283189056,0.214,0.22,0.0021399999999999995,0.3269680940774132,1.6208413531316805,0.5415735507107157,0.9998942170620497,0.9724462456075508,-0.2417589768424639,,,,-0.4999999888241291,500
R1,5,0.0,0.0,1.0,25.0,3.125,0.154,0.158,0.0015400000000000001,0.2204418266842819,1.6402523636565336,0.39716269578252106,1.0,0.9946109225135336,-0.24842464391285388,,,,-0.4999999888241291,500
R2,0,0.0,0.0,1.0,25.0,2.51233716889824,0.252,0.256,0.00252,0.9388782547345057,1.440347144506726,0.8821817857038127,0.8039478940474366,0.5212923503128382,0.030645220147394285,,,,0.3594364478871134,500
R2,1,0.0,0.0,1.0,25.0,3.104575435759887,0.174,0.18,0.0017400000000000002,0.41737229941312487,1.63360746351225,0.5330584706815035,0.9934641394431639,0.9824278002721563,-0.24275298862887137,,,,-0.8078392064334773,500
R2,2,0.0,0.004,0.996,24.902,2.0144641110867076,0.274,0.278,0.005680000000000001,1.890014861147386,1.453263118374574,0.8270542729116725,0.6485485155477464,0.351303360523076,-0.024206135224560464,,,,0.07324318913054997,500
R2,3,0.0,0.002,0.998,24.9515,2.154413433567734,0.16,0.166,0.0028933333333333337,2.384446751134638,1.4067235427814504,0.8560013816555803,0.691352298741675,0.24672288677368384,-0.011551460125122225,,,,0.1172829089500433,500
R2,4,0.95,0.05,0.0,15.7345,1.8693387856138404,0.958,0.962,0.019123239321615124,0.5413440870183495,0.768413043196555,0.9604674077373834,0.9510920306868734,0.5526080597803252,0.12159536097157495,15.961052631578948,1.8988260370180896,0.5177537513238021,0.4858580727287672,500
R2,5,0.538,0.03,0.434,22.547,2.1722932581307015,0.65,0.658,0.01007147056167204,0.6451101096949456,0.827266253757454,0.9404918433232026,0.7758278547002202,0.483003744491763,0.07906778980832851,20.926579925650557,2.1043322520126493,0.6054407358062615,0.41272943865028255,500
R3,0,0.0,0.0,1.0,25.0,3.1118544222503175,0.124,0.13,0.0012400000000000002,0.6521776896552504,1.6545464394247342,0.5261576888647338,0.9957934151201016,0.9589526498058198,-0.2342823244342598,,,,-0.5001461000759154,500
R3,1,0.0,0.0,1.0,25.0,3.1249882652981205,0.178,0.184,0.0017800000000000001,0.21264886708753464,1.6388514523668622,0.46580355495901565,0.9999962448953985,0.9861465909901066,-0.24618337152125927,,,,-0.5004116677977145,500
R3,2,0.0,0.0,1.0,25.0,2.193224999739445,0.198,0.204,0.00198,1.168531219159616,1.5002151130491637,0.9015417533497644,0.7018319999166224,0.4397346252018431,-0.0037377291906375166,,,,-0.500582479772158,500
R3,3,0.0,0.0,1.0,25.0,3.123881425009668,0.146,0.152,0.00146,0.363909699619802,1.64281413284808,0.41789501740799234,0.9996420560030937,0.9738014555434336,-0.24155336031298733,,,,-0.5002899024505169,500
R3,4,0.0,0.0,1.0,25.0,3.0548285725500492,0.162,0.168,0.0016200000000000001,0.23308242488284703,1.639864793193518,0.8374781294227953,0.9775451432160158,0.9279997711024748,-0.22445658288722672,,,,-0.5002318104850129,500
R3,5,0.0,0.0,1.0,25.0,3.1249946978758527,0.176,0.18,0.0017600000000000003,0.20574680044616292,1.6330049170059961,0.4588099929056076,0.9999983033202728,0.9917439841063383,-0.24770154694514251,,,,-0.5003211143715307,500
R4,0,0.0,0.0,1.0,25.0,3.120694216648427,0.14,0.146,0.0014000000000000002,0.368604001551426,1.649131402011923,0.4506877084652301,0.9986221493274965,0.9546918189649015,-0.23559040596470476,,,,-0.4999999888241291,500
R4,1,0.0,0.0,1.0,25.0,3.1249545150196814,0.166,0.172,0.0016600000000000002,0.20021438074322254,1.640745303507922,0.46972633700894845,0.999985444806298,0.9832872725293204,-0.24562881009543225,,,,-0.4999999888241291,500
R4,2,0.0,0.0,1.0,25.0,2.4929421587196003,0.144,0.15,0.0014399999999999999,0.6961991187024237,1.6414560717645341,0.8690780284673821,0.797741490790272,0.8834864892456384,-0.16731412504939716,,,,-0.4999999888241291,500
R4,3,0.0,0.0,1.0,25.0,3.122771551532756,0.184,0.19,0.00184,0.2682621330801853,1.6261837808728774,0.6516745235006233,0.999286896490482,0.9488260727850769,-0.23522667087777527,,,,-0.4999999888241291,500
R4,4,0.0,0.0,1.0,25.0,3.1220388118760107,0.17,0.176,0.0017000000000000001,0.2506349992768677,1.6408105601852578,0.5636465549307922,0.9990524198003233,0.9889182078695377,-0.24639264842851985,,,,-0.4999999888241291,500
R4,5,0.0,0.0,1.0,25.0,3.1246979436369,0.2,0.206,0.002,0.2912263299333181,1.6205093881838926,0.4884752960677023,0.999903341963808,0.963903689530531,-0.23970004883594515,,,,-0.4999999888241291,500
R5,0,0.0,0.0,1.0,25.0,3.108579073454807,0.286,0.292,0.00286,0.09563363388629538,1.5613930466319221,1.0,0.9947453035055382,0.944571802630322,-0.17762730787354172,,,,-0.5169667832385748,500
R5,1,0.0,0.0,1.0,25.0,3.1089640816974127,0.25,0.256,0.0025,0.09743693549879918,1.5785513408106429,1.0,0.9948685061431722,0.9450539104368183,-0.17760656351208895,,,,-0.5170075726220384,500
R5,2,0.974,0.03,0.0,14.278,1.7733656363427266,1.044,1.05,0.019993998646035044,0.4490601788014374,0.6487863340720048,0.981443733071451,0.9933869656335205,0.5751869166503978,0.13637289773646752,14.433778234086242,1.792849761789157,0.43172319365440415,-0.35507841760478914,500
R5,3,0.954,0.05,0.0,16.506,2.0522992795964163,1.064,1.072,0.018235420713150843,0.4407724108098905,0.6434970575484834,0.986055008248994,0.9945494243761717,0.5149643985108002,0.12037720145981472,16.80188679245283,2.0892925416907713,0.4378694773415078,-0.4249938885094598,500
R5,4,0.99,0.018,0.0,14.939,1.8583644730762487,1.15,1.156,0.019424995991850064,0.5243619408814147,0.6164343313893602,0.985074024015104,0.9951515434398855,0.5469637458024349,0.13163576774929775,14.97979797979798,1.8634632160985138,0.5243082228484391,-0.3521928144460544,500
R5,5,0.0,0.0,1.0,25.0,3.107220257010381,0.322,0.328,0.0032200000000000006,0.08932145726546807,1.561881509728109,1.0,0.9943104822433217,0.9460471929361864,-0.17735779422004605,,,,-0.5161466947887093,500
R0_none,0,0.0,0.0,1.0,25.0,2.1170407852008806,0.208,0.212,0.0020800000000000003,1.5404919792497083,1.597831993105785,0.7669754178794858,0.6774530512642818,0.8370313194708148,-0.1300134874615362,,,,-0.4999999888241291,500
R0_none,1,0.0,0.0,1.0,25.0,3.124988341750463,0.168,0.174,0.00168,0.1864409528906861,1.6406688329840045,0.48426683657826713,0.9999962693601482,0.9748241641828931,-0.2434555288588674,,,,-0.4999999888241291,500
R0_none,2,0.0,0.0,1.0,25.0,2.9789483670844885,0.222,0.228,0.00222,0.42784803641444963,1.5851442408067296,0.856469870081852,0.9532634774670362,0.9352733586564771,-0.2165399717755591,,,,-0.4999999888241291,500
R0_none,3,0.0,0.0,1.0,25.0,3.0563179923433204,0.168,0.172,0.00168,0.44229876539075635,1.6284739818038634,0.9039232821482069,0.9780217575498625,0.9494418225782457,-0.230633195040007,,,,-0.4999999888241291,500
R0_none,4,0.0,0.0,1.0,25.0,3.1246694283189056,0.214,0.22,0.0021399999999999995,0.3269680940774132,1.6208413531316805,0.5415735507107157,0.9998942170620497,0.9724462456075508,-0.2417589768424639,,,,-0.4999999888241291,500
R0_none,5,0.0,0.0,1.0,25.0,3.125,0.154,0.158,0.0015400000000000001,0.2204418266842819,1.6402523636565336,0.39716269578252106,1.0,0.9946109225135336,-0.24842464391285388,,,,-0.4999999888241291,500
