config,seed,success_peak,success_final,drop,collapsed,policy_std_start,policy_std_end,std_ratio,runaway_exploration,alias
R12345,0,0.983,0.9614444444444443,0.02155555555555566,False,0.6065306663513184,0.3186541795730591,0.525371918109226,False,R1-5_full
R12345,1,0.984,0.9700555555555554,0.013944444444444537,False,0.6065306663513184,0.3217356204986572,0.5304523552520584,False,R1-5_full
R12345,2,0.984,0.9700000000000001,0.013999999999999901,False,0.6065306663513184,0.3234012722969055,0.5331985507713523,False,R1-5_full
R12345,3,0.977,0.9554444444444444,0.02155555555555555,False,0.6065306663513184,0.3391029238700866,0.5590861974218289,False,R1-5_full
R12345,4,0.976,0.957388888888889,0.018611111111111023,False,0.6065306663513184,0.3358378410339355,0.5537029859581898,False,R1-5_full
R12345,5,0.978,0.9693888888888887,0.008611111111111236,False,0.6065306663513184,0.3048000931739807,0.5025303914269564,False,R1-5_full
R1234,0,0.0,0.0,0.0,False,0.6065306663513184,0.4410261213779449,0.7271291392915178,False,A5_no-jerk
R1234,1,0.0,0.0,0.0,False,0.6065306663513184,0.3975116610527038,0.65538592375551,False,A5_no-jerk
R1234,2,0.0,0.0,0.0,False,0.6065306663513184,0.4670650362968445,0.770060051714365,False,A5_no-jerk
R1234,3,0.0,0.0,0.0,False,0.6065306663513184,0.4459055364131927,0.7351739345606518,False,A5_no-jerk
R1234,4,0.0,0.0,0.0,False,0.6065306663513184,0.4826246201992035,0.7957134683766423,False,A5_no-jerk
R1234,5,0.0,0.0,0.0,False,0.6065306663513184,0.443488597869873,0.7311890766179213,False,A5_no-jerk
R1235,0,0.977,0.9714444444444444,0.005555555555555536,False,0.6065306663513184,0.3407600522041321,0.5618183401245453,False,A4_no-ttc
R1235,1,0.976,0.969111111111111,0.006888888888888944,False,0.6065306663513184,0.3197369575500488,0.5271571171717949,False,A4_no-ttc
R1235,2,0.968,0.9539999999999998,0.014000000000000123,False,0.6065306663513184,0.326471745967865,0.5382609059683786,False,A4_no-ttc
R1235,3,0.953,0.9341666666666666,0.01883333333333337,False,0.6065306663513184,0.3286190629005432,0.5418012330314697,False,A4_no-ttc
R1235,4,0.9629999999999999,0.9513888888888888,0.011611111111111017,False,0.6065306663513184,0.3448624014854431,0.5685819705704539,False,A4_no-ttc
R1235,5,0.967,0.9550000000000001,0.0119999999999999,False,0.6065306663513184,0.321902185678482,0.5307269748039877,False,A4_no-ttc
R1245,0,0.959,0.9436666666666665,0.015333333333333421,False,0.6065306663513184,0.3431829512119293,0.5658130252117357,False,A3_no-space
R1245,1,0.0,0.0,0.0,False,0.6065306663513184,0.2735105156898498,0.4509426000422959,False,A3_no-space
R1245,2,0.966,0.9489444444444444,0.0170555555555556,False,0.6065306663513184,0.3333019614219665,0.5495220273477637,False,A3_no-space
R1245,3,0.9709999999999999,0.9534444444444445,0.017555555555555324,False,0.6065306663513184,0.3345472812652588,0.5515752126397518,False,A3_no-space
R1245,4,0.9719999999999999,0.9493333333333331,0.022666666666666724,False,0.6065306663513184,0.3458931148052215,0.5702813295261665,False,A3_no-space
R1245,5,0.97,0.9527222222222222,0.017277777777777725,False,0.6065306663513184,0.339363157749176,0.5595152505489442,False,A3_no-space
R1345,0,0.0,0.0,0.0,False,0.6065306663513184,0.2793614268302917,0.4605891215869344,False,A2_no-distance
R1345,1,0.0,0.0,0.0,False,0.6065306663513184,0.303730309009552,0.5007666155393098,False,A2_no-distance
R1345,2,0.984,0.9696666666666667,0.014333333333333309,False,0.6065306663513184,0.3215886950492859,0.5302101161411241,False,A2_no-distance
R1345,3,0.026000000000000002,0.0,0.026000000000000002,False,0.6065306663513184,0.2918405532836914,0.4811637225852151,False,A2_no-distance
R1345,4,0.0,0.0,0.0,False,0.6065306663513184,0.3185209333896637,0.5251522322948269,False,A2_no-distance
R1345,5,0.0,0.0,0.0,False,0.6065306663513184,0.2995796799659729,0.49392338522327667,False,A2_no-distance
R2345,0,0.9789999999999999,0.9666666666666666,0.012333333333333307,False,0.6065306663513184,0.3438820242881775,0.5669656018497045,False,A1_no-goal
R2345,1,0.9810000000000001,0.9660555555555557,0.014944444444444427,False,0.6065306663513184,0.3019893765449524,0.49789630318548855,False,A1_no-goal
R2345,2,0.984,0.9542222222222221,0.029777777777777903,False,0.6065306663513184,0.323201060295105,0.5328684569889472,False,A1_no-goal
R2345,3,0.978,0.9670555555555556,0.010944444444444423,False,0.6065306663513184,0.3257884383201599,0.537134322127506,False,A1_no-goal
R2345,4,0.99,0.9614999999999999,0.02850000000000008,False,0.6065306663513184,0.3333961367607116,0.5496772962302287,False,A1_no-goal
R2345,5,0.9809999999999999,0.9644999999999998,0.01650000000000007,False,0.6065306663513184,0.3100259304046631,0.5111463403320946,False,A1_no-goal
R123,0,0.0,0.0,0.0,False,0.6065306663513184,0.4551845788955688,0.7504724891056276,False,B4_goal+dist+space
R123,1,0.0,0.0,0.0,False,0.6065306663513184,0.4064425230026245,0.670110425656866,False,B4_goal+dist+space
R123,2,0.0,0.0,0.0,False,0.6065306663513184,0.4584275484085083,0.755819241863321,False,B4_goal+dist+space
R123,3,0.0,0.0,0.0,False,0.6065306663513184,0.4812705814838409,0.7934810359697071,False,B4_goal+dist+space
R123,4,0.0,0.0,0.0,False,0.6065306663513184,0.4616223871707916,0.7610866404295012,False,B4_goal+dist+space
R123,5,0.0,0.0,0.0,False,0.6065306663513184,0.4920244812965393,0.8112112191398183,False,B4_goal+dist+space
R124,0,0.0,0.0,0.0,False,0.6065306663513184,0.4226989150047302,0.6969126846422172,False,B5_goal+dist+ttc
R124,1,0.0,0.0,0.0,False,0.6065306663513184,0.4101545214653015,0.6762304764121017,False,B5_goal+dist+ttc
R124,2,0.0,0.0,0.0,False,0.6065306663513184,0.4485410749912262,0.739519203026446,False,B5_goal+dist+ttc
R124,3,0.0,0.0,0.0,False,0.6065306663513184,0.4539284706115722,0.7484015166821673,False,B5_goal+dist+ttc
R124,4,0.0,0.0,0.0,False,0.6065306663513184,0.4358662664890289,0.7186219768755497,False,B5_goal+dist+ttc
R124,5,0.701,0.48027777777777775,0.2207222222222222,True,0.6065306663513184,0.4499471783638,0.7418374755402374,False,B5_goal+dist+ttc
R125,0,0.974,0.9490000000000001,0.02499999999999991,False,0.6065306663513184,0.3302252292633056,0.5444493536490544,False,B3_goal+dist+jerk
R125,1,0.962,0.9423333333333331,0.019666666666666832,False,0.6065306663513184,0.3224391937255859,0.5316123513840942,False,B3_goal+dist+jerk
R125,2,0.9620000000000001,0.9432222222222221,0.018777777777778004,False,0.6065306663513184,0.3317714333534241,0.5469986131933738,False,B3_goal+dist+jerk
R125,3,0.9559999999999998,0.9411666666666666,0.014833333333333254,False,0.6065306663513184,0.345519870519638,0.5696659537400932,False,B3_goal+dist+jerk
R125,4,0.967,0.9543333333333331,0.012666666666666826,False,0.6065306663513184,0.3371292650699615,0.5558321842125744,False,B3_goal+dist+jerk
R125,5,0.9650000000000001,0.9462222222222222,0.018777777777777893,False,0.6065306663513184,0.3297298550605774,0.5436326196729998,False,B3_goal+dist+jerk
R134,0,0.0,0.0,0.0,False,0.6065306663513184,0.4218370616436004,0.695491728689051,False,
R134,1,0.0,0.0,0.0,False,0.6065306663513184,0.3884367346763611,0.6404238997725605,False,
R134,2,0.0,0.0,0.0,False,0.6065306663513184,0.4379443526268005,0.7220481616557402,False,
R134,3,0.0,0.0,0.0,False,0.6065306663513184,0.433925986289978,0.7154229956752702,False,
R134,4,0.0,0.0,0.0,False,0.6065306663513184,0.3899019360542297,0.6428396084236709,False,
R134,5,0.0,0.0,0.0,False,0.6065306663513184,0.36449134349823,0.6009446244340547,False,
R135,0,0.0,0.0,0.0,False,0.6065306663513184,0.2946978807449341,0.4858746590963587,False,
R135,1,0.0,0.0,0.0,False,0.6065306663513184,0.2929824590682983,0.48304640692082534,False,
R135,2,0.976,0.962,0.014000000000000012,False,0.6065306663513184,0.3280096054077148,0.540796407510454,False,
R135,3,0.978,0.9526111111111112,0.025388888888888794,False,0.6065306663513184,0.331733763217926,0.5469365056403879,False,
R135,4,0.984,0.9687777777777777,0.015222222222222248,False,0.6065306663513184,0.3124322295188904,0.5151136568219644,False,
R135,5,0.0,0.0,0.0,False,0.6065306663513184,0.3079584836959839,0.507737697004765,False,
R145,0,0.0,0.0,0.0,False,0.6065306663513184,0.3130920827388763,0.5162015708493876,False,
R145,1,0.0,0.0,0.0,False,0.6065306663513184,0.2983446717262268,0.4918872008912041,False,
R145,2,0.9730000000000001,0.9551666666666667,0.017833333333333368,False,0.6065306663513184,0.3254229724407196,0.5365317707649527,False,
R145,3,0.9719999999999999,0.9497222222222221,0.02227777777777773,False,0.6065306663513184,0.3299872279167175,0.5440569557707743,False,
R145,4,0.0,0.0,0.0,False,0.6065306663513184,0.3052274584770202,0.5032349976847247,False,
R145,5,0.0,0.0,0.0,False,0.6065306663513184,0.3015309870243072,0.49714054664080676,False,
R234,0,0.0,0.0,0.0,False,0.6065306663513184,0.4410261213779449,0.7271291392915178,False,
R234,1,0.0,0.0,0.0,False,0.6065306663513184,0.3975116610527038,0.65538592375551,False,
R234,2,0.0,0.0,0.0,False,0.6065306663513184,0.4670650362968445,0.770060051714365,False,
R234,3,0.0,0.0,0.0,False,0.6065306663513184,0.4459055364131927,0.7351739345606518,False,
R234,4,0.0,0.0,0.0,False,0.6065306663513184,0.4826246201992035,0.7957134683766423,False,
R234,5,0.0,0.0,0.0,False,0.6065306663513184,0.443488597869873,0.7311890766179213,False,
R235,0,0.9799999999999999,0.9699999999999999,0.010000000000000009,False,0.6065306663513184,0.3312979340553283,0.5462179448374864,False,
R235,1,0.975,0.9618888888888889,0.013111111111111073,False,0.6065306663513184,0.2861962914466858,0.47185790813899825,False,
R235,2,0.9629999999999999,0.9526111111111111,0.010388888888888781,False,0.6065306663513184,0.3206642270088196,0.5286859260354076,False,
R235,3,0.969,0.9515555555555556,0.017444444444444374,False,0.6065306663513184,0.3225846886634826,0.5318522319803582,False,
R235,4,0.974,0.952,0.02200000000000002,False,0.6065306663513184,0.3343352675437927,0.5512256611113164,False,
R235,5,0.982,0.9645555555555555,0.017444444444444485,False,0.6065306663513184,0.3076013922691345,0.5071489527801778,False,
R245,0,0.966,0.9606111111111111,0.0053888888888888875,False,0.6065306663513184,0.3284844756126404,0.5415793361095672,False,
R245,1,0.0,0.0,0.0,False,0.6065306663513184,0.2735105156898498,0.4509426000422959,False,
R245,2,0.9640000000000001,0.9369999999999999,0.027000000000000135,False,0.6065306663513184,0.3355875611305237,0.5532903441623224,False,
R245,3,0.967,0.9547222222222221,0.012277777777777832,False,0.6065306663513184,0.3235974907875061,0.5335220603669691,False,
R245,4,0.976,0.9596666666666666,0.016333333333333422,False,0.6065306663513184,0.3218709230422973,0.530675431431296,False,
R245,5,0.9719999999999999,0.9601111111111111,0.011888888888888727,False,0.6065306663513184,0.2952984571456909,0.4868648421721291,False,
R345,0,0.0,0.0,0.0,False,0.6065306663513184,0.2793614268302917,0.4605891215869344,False,
R345,1,0.0,0.0,0.0,False,0.6065306663513184,0.303730309009552,0.5007666155393098,False,
R345,2,0.982,0.9545555555555555,0.027444444444444493,False,0.6065306663513184,0.3047217726707458,0.5024012627487544,False,
R345,3,0.012,0.0,0.012,False,0.6065306663513184,0.311903178691864,0.5142413994797117,False,
R345,4,0.0,0.0,0.0,False,0.6065306663513184,0.3185209333896637,0.5251522322948269,False,
R345,5,0.0,0.0,0.0,False,0.6065306663513184,0.2995796799659729,0.49392338522327667,False,
R12,0,0.0,0.0,0.0,False,0.6065306663513184,0.4648579955101013,0.7664212566637867,False,B2_goal+dist
R12,1,0.0,0.0,0.0,False,0.6065306663513184,0.4384196996688843,0.72283187642641,False,B2_goal+dist
R12,2,0.0,0.0,0.0,False,0.6065306663513184,0.4605768322944641,0.7593628118840837,False,B2_goal+dist
R12,3,0.0,0.0,0.0,False,0.6065306663513184,0.4756833612918854,0.7842692672959708,False,B2_goal+dist
R12,4,0.9560000000000001,0.9058888888888887,0.05011111111111133,False,0.6065306663513184,0.4593088924884796,0.7572723325788707,False,B2_goal+dist
R12,5,0.33999999999999997,0.1146111111111111,0.22538888888888886,True,0.6065306663513184,0.4631631970405578,0.7636270064080842,False,B2_goal+dist
R13,0,0.0,0.0,0.0,False,0.6065306663513184,0.449628472328186,0.7413120181259714,False,
R13,1,0.0,0.0,0.0,False,0.6065306663513184,0.3777241110801697,0.6227617695778337,False,
R13,2,0.0,0.0,0.0,False,0.6065306663513184,0.4819460809230804,0.7945947462513374,False,
R13,3,0.0,0.0,0.0,False,0.6065306663513184,0.440743088722229,0.7266624973368438,False,
R13,4,0.0,0.0,0.0,False,0.6065306663513184,0.4170382618904114,0.687579845548736,False,
R13,5,0.0,0.0,0.0,False,0.6065306663513184,0.3689510524272918,0.6082974413260512,False,
R14,0,0.0,0.0,0.0,False,0.6065306663513184,0.4458007216453552,0.7350011242253262,False,
R14,1,0.0,0.0,0.0,False,0.6065306663513184,0.3687382340431213,0.6079465631331137,False,
R14,2,0.0,0.0,0.0,False,0.6065306663513184,0.4498336017131805,0.7416502193025557,False,
R14,3,0.0,0.0,0.0,False,0.6065306663513184,0.3960943818092346,0.6530492253458565,False,
R14,4,0.0,0.0,0.0,False,0.6065306663513184,0.4018245339393616,0.6624966489437392,False,
R14,5,0.0,0.0,0.0,False,0.6065306663513184,0.3914851546287536,0.6454498945350856,False,
R15,0,0.0,0.0,0.0,False,0.6065306663513184,0.2912609577178955,0.4802081310579432,False,
R15,1,0.0,0.0,0.0,False,0.6065306663513184,0.2977015972137451,0.4908269502754352,False,
R15,2,0.968,0.9434444444444446,0.02455555555555533,False,0.6065306663513184,0.3229514360427856,0.5324568961789703,False,
R15,3,0.967,0.9440555555555553,0.022944444444444656,False,0.6065306663513184,0.3484992682933807,0.5745781501697736,False,
R15,4,0.968,0.9373888888888887,0.030611111111111255,False,0.6065306663513184,0.3139225244522095,0.5175707377512506,False,
R15,5,0.0,0.0,0.0,False,0.6065306663513184,0.3082782626152038,0.5082649233050337,False,
R23,0,0.0,0.0,0.0,False,0.6065306663513184,0.4551845788955688,0.7504724891056276,False,
R23,1,0.0,0.0,0.0,False,0.6065306663513184,0.4064425230026245,0.670110425656866,False,
R23,2,0.0,0.0,0.0,False,0.6065306663513184,0.4584275484085083,0.755819241863321,False,
R23,3,0.0,0.0,0.0,False,0.6065306663513184,0.4812705814838409,0.7934810359697071,False,
R23,4,0.0,0.0,0.0,False,0.6065306663513184,0.4616223871707916,0.7610866404295012,False,
R23,5,0.0,0.0,0.0,False,0.6065306663513184,0.4920244812965393,0.8112112191398183,False,
R24,0,0.0,0.0,0.0,False,0.6065306663513184,0.4226989150047302,0.6969126846422172,False,
R24,1,0.0,0.0,0.0,False,0.6065306663513184,0.4101545214653015,0.6762304764121017,False,
R24,2,0.0,0.0,0.0,False,0.6065306663513184,0.4485410749912262,0.739519203026446,False,
R24,3,0.0,0.0,0.0,False,0.6065306663513184,0.4539284706115722,0.7484015166821673,False,
R24,4,0.0,0.0,0.0,False,0.6065306663513184,0.4358662664890289,0.7186219768755497,False,
R24,5,0.279,0.17738888888888893,0.1016111111111111,True,0.6065306663513184,0.456274926662445,0.7522701686416605,False,
R25,0,0.961,0.9393333333333334,0.021666666666666612,False,0.6065306663513184,0.3371811807155609,0.5559177786408195,False,B7_dist+jerk
R25,1,0.9550000000000001,0.9436666666666665,0.011333333333333528,False,0.6065306663513184,0.3184650540351867,0.5250601028155161,False,B7_dist+jerk
R25,2,0.966,0.9508333333333332,0.015166666666666773,False,0.6065306663513184,0.3248873949050903,0.5356487526995165,False,B7_dist+jerk
R25,3,0.985,0.9609444444444443,0.02405555555555572,False,0.6065306663513184,0.3173278570175171,0.5231851819240291,False,B7_dist+jerk
R25,4,0.974,0.9575555555555556,0.016444444444444373,False,0.6065306663513184,0.3325035572052002,0.5482056813473722,False,B7_dist+jerk
R25,5,0.968,0.9482222222222221,0.019777777777777894,False,0.6065306663513184,0.3327638208866119,0.5486347836102098,False,B7_dist+jerk
R34,0,0.0,0.0,0.0,False,0.6065306663513184,0.4218370616436004,0.695491728689051,False,
R34,1,0.0,0.0,0.0,False,0.6065306663513184,0.3884367346763611,0.6404238997725605,False,
R34,2,0.0,0.0,0.0,False,0.6065306663513184,0.4379443526268005,0.7220481616557402,False,
R34,3,0.0,0.0,0.0,False,0.6065306663513184,0.433925986289978,0.7154229956752702,False,
R34,4,0.0,0.0,0.0,False,0.6065306663513184,0.3899019360542297,0.6428396084236709,False,
R34,5,0.0,0.0,0.0,False,0.6065306663513184,0.36449134349823,0.6009446244340547,False,
R35,0,0.0,0.0,0.0,False,0.6065306663513184,0.2946978807449341,0.4858746590963587,False,
R35,1,0.0,0.0,0.0,False,0.6065306663513184,0.2929824590682983,0.48304640692082534,False,
R35,2,0.9800000000000001,0.9685,0.011500000000000066,False,0.6065306663513184,0.3040838241577148,0.501349463477221,False,
R35,3,0.975,0.9586111111111111,0.016388888888888897,False,0.6065306663513184,0.3159135580062866,0.5208533970866055,False,
R35,4,0.983,0.9650555555555554,0.01794444444444454,False,0.6065306663513184,0.3008656501770019,0.4960435916404805,False,
R35,5,0.0,0.0,0.0,False,0.6065306663513184,0.3079584836959839,0.507737697004765,False,
R45,0,0.0,0.0,0.0,False,0.6065306663513184,0.3130920827388763,0.5162015708493876,False,
R45,1,0.0,0.0,0.0,False,0.6065306663513184,0.2983446717262268,0.4918872008912041,False,
R45,2,0.983,0.9752222222222223,0.007777777777777661,False,0.6065306663513184,0.3199427723884582,0.5274964484699921,False,
R45,3,0.97,0.9461666666666666,0.023833333333333373,False,0.6065306663513184,0.3052934408187866,0.5033437841738948,False,
R45,4,0.0,0.0,0.0,False,0.6065306663513184,0.3052274584770202,0.5032349976847247,False,
R45,5,0.0,0.0,0.0,False,0.6065306663513184,0.3015309870243072,0.49714054664080676,False,
R1,0,0.0,0.0,0.0,False,0.6065306663513184,0.4784940183162689,0.7889032572659941,False,B1_goal-only
R1,1,0.0,0.0,0.0,False,0.6065306663513184,0.3795996308326721,0.6258539788535574,False,B1_goal-only
R1,2,0.0,0.0,0.0,False,0.6065306663513184,0.4637351632118225,0.7645700191904476,False,B1_goal-only
R1,3,0.0,0.0,0.0,False,0.6065306663513184,0.4449837207794189,0.7336541175342199,False,B1_goal-only
R1,4,0.0,0.0,0.0,False,0.6065306663513184,0.4142022728919983,0.6829040902147585,False,B1_goal-only
R1,5,0.0,0.0,0.0,False,0.6065306663513184,0.3537767827510834,0.5832793004173785,False,B1_goal-only
R2,0,0.0,0.0,0.0,False,0.6065306663513184,0.4648579955101013,0.7664212566637867,False,B6_dist-only
R2,1,0.0,0.0,0.0,False,0.6065306663513184,0.4384196996688843,0.72283187642641,False,B6_dist-only
R2,2,0.0,0.0,0.0,False,0.6065306663513184,0.4605768322944641,0.7593628118840837,False,B6_dist-only
R2,3,0.0,0.0,0.0,False,0.6065306663513184,0.4756833612918854,0.7842692672959708,False,B6_dist-only
R2,4,0.9629999999999999,0.9050555555555556,0.05794444444444424,False,0.6065306663513184,0.4710990786552429,0.7767110630847642,False,B6_dist-only
R2,5,0.23399999999999999,0.08127777777777778,0.1527222222222222,False,0.6065306663513184,0.4656631350517273,0.7677487073374177,False,B6_dist-only
R3,0,0.0,0.0,0.0,False,0.6065306663513184,0.449628472328186,0.7413120181259714,False,
R3,1,0.0,0.0,0.0,False,0.6065306663513184,0.3777241110801697,0.6227617695778337,False,
R3,2,0.0,0.0,0.0,False,0.6065306663513184,0.4819460809230804,0.7945947462513374,False,
R3,3,0.0,0.0,0.0,False,0.6065306663513184,0.440743088722229,0.7266624973368438,False,
R3,4,0.0,0.0,0.0,False,0.6065306663513184,0.4170382618904114,0.687579845548736,False,
R3,5,0.0,0.0,0.0,False,0.6065306663513184,0.3689510524272918,0.6082974413260512,False,
R4,0,0.0,0.0,0.0,False,0.6065306663513184,0.4458007216453552,0.7350011242253262,False,
R4,1,0.0,0.0,0.0,False,0.6065306663513184,0.3687382340431213,0.6079465631331137,False,
R4,2,0.0,0.0,0.0,False,0.6065306663513184,0.4498336017131805,0.7416502193025557,False,
R4,3,0.0,0.0,0.0,False,0.6065306663513184,0.3960943818092346,0.6530492253458565,False,
R4,4,0.0,0.0,0.0,False,0.6065306663513184,0.4018245339393616,0.6624966489437392,False,
R4,5,0.0,0.0,0.0,False,0.6065306663513184,0.3914851546287536,0.6454498945350856,False,
R5,0,0.0,0.0,0.0,False,0.6065306663513184,0.2912609577178955,0.4802081310579432,False,
R5,1,0.0,0.0,0.0,False,0.6065306663513184,0.2977015972137451,0.4908269502754352,False,
R5,2,0.977,0.9412777777777779,0.0357222222222221,False,0.6065306663513184,0.3029285073280334,0.49944466806657606,False,
R5,3,0.9720000000000001,0.9546666666666668,0.01733333333333331,False,0.6065306663513184,0.3377772271633148,0.5569004930868005,False,
R5,4,0.9709999999999999,0.9617222222222223,0.009277777777777607,False,0.6065306663513184,0.3116160333156585,0.5137679767953602,False,
R5,5,0.0,0.0,0.0,False,0.6065306663513184,0.3082782626152038,0.5082649233050337,False,
R0_none,0,0.0,0.0,0.0,False,0.6065306663513184,0.4784940183162689,0.7889032572659941,False,Z_task-only
R0_none,1,0.0,0.0,0.0,False,0.6065306663513184,0.3795996308326721,0.6258539788535574,False,Z_task-only
R0_none,2,0.0,0.0,0.0,False,0.6065306663513184,0.4637351632118225,0.7645700191904476,False,Z_task-only
R0_none,3,0.0,0.0,0.0,False,0.6065306663513184,0.4449837207794189,0.7336541175342199,False,Z_task-only
R0_none,4,0.0,0.0,0.0,False,0.6065306663513184,0.4142022728919983,0.6829040902147585,False,Z_task-only
R0_none,5,0.0,0.0,0.0,False,0.6065306663513184,0.3537767827510834,0.5832793004173785,False,Z_task-only
